{
  "version": 9.0,
  "packageId": "10228",
  "items": [
    {
      "remoteUrl": "http://hiphotos.baidu.com/image/w%3D502%3Bcrop%3D0%2C39%2C502%2C334/sign=d3f076852f2dd42a5f0901ab310038c7/0b7b02087bf40ad16603e40f5d2c11dfa8ecce72.jpg",
      "packageId": "10228",
      "mimeType": "image/jpeg",
      "path": "demo.jpg",
      "status": 1
    },
    {
      "remoteUrl": "http://hiphotos.baidu.com/image/h%3D334%3Bcrop%3D0%2C0%2C502%2C334/sign=d797037254df8db1a32e7a673d18be26/c9fcc3cec3fdfc0319b2e152de3f8794a5c22615.jpg",
      "packageId": "10228",
      "mimeType": "image/jpeg",
      "path": "demo.jpg",
      "status": 1
    },
    {
      "remoteUrl": "http://hiphotos.baidu.com/image/w%3D502%3Bcrop%3D0%2C210%2C502%2C334/sign=cdb86aae19ce36d3a204833008c859f5/7acb0a46f21fbe09fd6e556067600c338744ad96.jpg",
      "packageId": "10228",
      "mimeType": "image/jpeg",
      "path": "demo.jpg",
      "status": 1
    },
    {
      "remoteUrl": "http://hiphotos.baidu.com/image/w%3D502%3Bcrop%3D0%2C95%2C502%2C334/sign=dbda1d14dbc8a786be2a4a0e5532aa4f/cf1b9d16fdfaaf510d1b3c51865494eef11f7a60.jpg",
      "packageId": "10228",
      "mimeType": "image/jpeg",
      "path": "demo.jpg",
      "status": 1
    },
    {
      "remoteUrl": "http://hiphotos.baidu.com/image/w%3D502%3Bcrop%3D0%2C46%2C502%2C334/sign=3305a7b8befb43161a1f7a7a129f2551/b21bb051f8198618381228f746ed2e738bd4e668.jpg",
      "packageId": "10228",
      "mimeType": "image/jpeg",
      "path": "demo.jpg",
      "status": 1
    }
  ]
}